<application>
  <component name="NotificationConfiguration">
    <notification groupId="CythonWarning" displayType="NONE" shouldLog="false" />
    <notification groupId="Find in Path" displayType="TOOL_WINDOW" />
    <notification groupId="Find Problems" displayType="STICKY_BALLOON" />
    <notification groupId="Indexing" />
    <notification groupId="Pipfile Watcher" displayType="STICKY_BALLOON" />
    <notification groupId="Plugins AutoSwitch" />
    <notification groupId="Plugins updates" displayType="STICKY_BALLOON" />
    <notification groupId="PyCharm Professional Advertiser" displayType="STICKY_BALLOON" />
    <notification groupId="Python Compatibility Inspection Advertiser" displayType="STICKY_BALLOON" />
    <notification groupId="Python Stub Packages Advertiser" displayType="STICKY_BALLOON" />
  </component>
</application>