<application>
  <component name="PropertiesComponent">
    <property name="Copy.OpenInEditor" value="true" />
    <property name="Default.SavedEditorTheme" value="_@user_Default" />
    <property name="ExpandBeforeRunStepsPanel" value="true" />
    <property name="ExpandRunDashboardTypesPanel" value="false" />
    <property name="PyCharm.InitialConfiguration" value="true" />
    <property name="PyCharm.InitialConfiguration.V2" value="true" />
    <property name="PyCharm.InitialConfiguration.V3" value="true" />
    <property name="PyCharm.InitialConfiguration.V4" value="true" />
    <property name="PyCharm.InitialConfiguration.V5" value="true" />
    <property name="PyCharm.InitialConfiguration.V6" value="true" />
    <property name="PyCharm.InitialConfiguration.V7" value="true" />
    <property name="PyCharm.initialConfigurationShown" value="true" />
    <property name="SettingsSearchHistory" value="plug" />
    <property name="TrendingPluginsSearchHistory" value="cython" />
    <property name="com.intellij.history.integration.ui.views.FileHistoryDialog.0" value="300" />
    <property name="com.intellij.history.integration.ui.views.FileHistoryDialog.1" value="800" />
    <property name="debug.configuration.alternate.action.ad" value="true" />
    <property name="export.settings.path" value="M:\Code\Python\" />
    <property name="file.chooser.recent.files" value="M:/Code/Python/throwPy&#10;C:/Windows/System32/WindowsPowerShell/v1.0/powershell.exe&#10;C:/Users/David/AppData/Local/Programs/Python/Python37/python.exe&#10;M:/Python/better&#10;C:/Users/David/PycharmProjects/first" />
    <property name="file.gist.reindex.count" value="6340" />
    <property name="fileTypeChangedCounter" value="1" />
    <property name="ideavim.statistics.timestamp" value="1551555859576" />
    <property name="lastTip" value="20" />
  </component>
  <component name="PyTestFrameworkService">
    <option name="SDK_TO_PYTEST">
      <map>
        <entry key="/usr/bin/python3.6" value="false" />
        <entry key="C:\Users\David\AppData\Local\Programs\Python\Python37\python.exe" value="false" />
      </map>
    </option>
    <option name="SDK_TO_NOSETEST">
      <map>
        <entry key="/usr/bin/python3.6" value="false" />
        <entry key="C:\Users\David\AppData\Local\Programs\Python\Python37\python.exe" value="false" />
      </map>
    </option>
    <option name="SDK_TO_TRIALTEST">
      <map>
        <entry key="/usr/bin/python3.6" value="false" />
        <entry key="C:\Users\David\AppData\Local\Programs\Python\Python37\python.exe" value="false" />
      </map>
    </option>
  </component>
</application>